obs, time, Delta, Theta, Alpha1, Alpha2, Beta1, Beta2, Gamma1, Gamma2, Attention, Meditation, Derived, totPwr, class 
1, 11.9, 1439791, 1648231, 1263578, 1080982, 445030, 169436, 42533, 28223, NA, NA, NA, 6117804,  
*
2, 13.0, 9319, 12130, 522, 145, 88, 62, 28, 206, NA, NA, NA, 22500,  
*
3, 13.9, 1321326, 73188, 139333, 40088, 48810, 100894, 84511, 6003, NA, NA, NA, 1814153,  
*
4, 14.9, 105940, 22559, 4150, 8829, 8251, 8569, 1575, 312, 50, 44, NA, 160185,  
*
5, 15.9, 674234, 105294, 90556, 334639, 208380, 59677, 26850, 21622, 56, 57, NA, 1521252,  
*
6, 16.9, 302116, 6597, 4888, 5017, 2252, 704, 479, 499, 57, 70, NA, 322552,  
*
7, 17.9, 177112, 11931, 1727, 5285, 868, 2080, 573, 652, 66, 80, NA, 200228,  
*
8, 18.9, 216696, 50335, 10317, 8199, 12103, 4168, 2257, 2302, 60, 78, NA, 306377,  
*
9, 20.0, 444346, 240373, 27929, 14032, 13538, 6730, 2924, 2804, 51, 63, NA, 752676,  
*
10, 20.9, 2445973, 189934, 40758, 27275, 22693, 12450, 7221, 2830, 53, 54, NA, 2749134,  
*
11, 22.0, 1155724, 17596, 6432, 1933, 5346, 5034, 1115, 660, 54, 53, NA, 1193840,  
*
12, 22.9, 294371, 240963, 15990, 7515, 6346, 12856, 2670, 2264, 53, 43, NA, 582975,  
*
13, 23.9, 44836, 15538, 15840, 4526, 5899, 7162, 1253, 2195, 63, 54, NA, 97249,  
*
14, 24.9, 424671, 38681, 23228, 34827, 5339, 5040, 3192, 1502, 64, 64, NA, 536480,  
*
15, 25.9, 850164, 51911, 34371, 39555, 6009, 8475, 2916, 1920, 60, 75, NA, 995321,  
*
16, 27.0, 397342, 20269, 9435, 6304, 2826, 1495, 890, 941, 57, 90, NA, 439502,  
*
17, 27.9, 334342, 36797, 941, 10096, 4630, 9582, 7323, 4492, 60, 80, NA, 408203,  
*
18, 28.9, 319351, 33540, 14870, 15909, 9103, 7824, 1716, 2496, 63, 75, NA, 404809,  
*
19, 29.9, 266660, 39837, 16913, 9302, 13504, 18894, 3578, 2424, 69, 66, NA, 371112,  
*
20, 30.9, 84483, 29179, 3792, 5845, 2550, 2702, 418, 1063, 74, 60, NA, 130032,  
*
21, 31.9, 130447, 13266, 3419, 305, 2032, 1131, 869, 354, 66, 60, NA, 151823,  
*
22, 32.9, 36151, 7797, 1557, 8884, 1963, 1474, 645, 454, 64, 63, NA, 58925,  
*
23, 33.9, 199118, 88669, 10391, 4772, 1165, 6223, 5134, 2356, 57, 57, NA, 317828,  
*
24, 34.9, 95210, 124063, 9566, 17217, 12249, 3361, 4502, 2151, 51, 54, NA, 268319,  
*
25, 35.9, 62842, 17800, 6232, 3137, 6013, 3594, 666, 677, 56, 57, NA, 100961,  
*
26, 36.9, 23288, 14496, 18411, 9459, 1035, 7052, 3787, 2822, 60, 60, NA, 80350,  
*
27, 38.0, 22446, 9708, 16322, 16865, 5673, 6899, 4116, 2830, 63, 77, NA, 84859,  
*
28, 38.9, 259490, 23122, 14907, 3641, 3437, 8200, 4483, 4679, 75, 84, NA, 321959,  
*
29, 39.9, 15745, 19630, 19534, 8724, 7156, 8600, 4265, 1634, 77, 91, NA, 85288,  
*
30, 40.9, 33007, 7612, 5157, 7343, 6831, 3551, 2024, 3675, 77, 87, NA, 69200,  
*
31, 41.9, 379313, 182324, 78447, 19048, 14707, 30257, 13112, 2879, 75, 77, NA, 720087,  
*
32, 42.9, 1760107, 340969, 7491, 32128, 12816, 5352, 7359, 3970, 61, 64, NA, 2170192,  
*
33, 43.9, 1209980, 338633, 147565, 10366, 20956, 27533, 8789, 4255, 54, 60, NA, 1768077,  
*
34, 45.0, 32769, 38523, 3676, 3709, 2108, 1367, 1086, 863, 47, 50, NA, 84101,  
*
35, 45.9, 160014, 46222, 16293, 2962, 7547, 5909, 4528, 2153, 47, 48, NA, 245628,  
*
36, 46.9, 54465, 77201, 661, 3827, 969, 2895, 2121, 1680, 50, 43, NA, 143819,  
*
37, 47.9, 545405, 155106, 5644, 3250, 7510, 16477, 5555, 10136, 53, 27, NA, 749083,  
*
38, 48.9, 1033941, 16667, 145458, 23085, 7001, 36592, 8907, 7398, 63, 48, NA, 1279049,  
*
39, 49.9, 307770, 56999, 4840, 24008, 7559, 4584, 5066, 4915, 60, 50, NA, 415741,  
*
40, 50.9, 90122, 10362, 4308, 3784, 1928, 2416, 1656, 1098, 66, 66, NA, 115674,  
*
41, 52.0, 21663, 17087, 8127, 1503, 11566, 6015, 15556, 3671, 69, 80, NA, 85188,  
*
42, 52.9, 205014, 47740, 18373, 4078, 17283, 11043, 7786, 6038, 67, 61, NA, 317355,  
*
43, 54.0, 8739, 8727, 11700, 15291, 6645, 16065, 5757, 1595, 80, 67, NA, 74519,  
*
44, 54.9, 90485, 20060, 10964, 7244, 5632, 14185, 5642, 3065, 84, 66, NA, 157277,  
*
45, 56.0, 49596, 7713, 2805, 12646, 8912, 17925, 3931, 4268, 91, 69, NA, 107796,  
*
46, 56.9, 67485, 15431, 820, 1065, 4057, 1352, 1464, 616, 88, 61, NA, 92290,  
*
47, 57.9, 260357, 35578, 1364, 17649, 9162, 8706, 2923, 5227, 83, 54, NA, 340966,  
*
48, 59.0, 474454, 16299, 7944, 13505, 14412, 13357, 5702, 9529, 83, 54, NA, 555202,  
*
49, 59.9, 1197382, 93166, 13585, 9361, 6272, 11048, 11352, 4421, 70, 50, NA, 1346587,  
*
50, 60.9, 42552, 16847, 12441, 3359, 9751, 11513, 3016, 5220, 80, 61, NA, 104699,  
*
51, 61.9, 647784, 90301, 9231, 4147, 6803, 16780, 7661, 4944, 80, 53, NA, 787651,  
*
52, 63.0, 50992, 27159, 6807, 3400, 7655, 6791, 3966, 7100, 75, 48, NA, 113870,  
*
53, 63.9, 2123501, 167048, 11617, 15489, 18760, 9742, 4900, 3288, 74, 44, NA, 2354345,  
*
54, 64.9, 567180, 18256, 1876, 7330, 4524, 2957, 988, 754, 66, 44, NA, 603865,  
*
55, 65.9, 63129, 46858, 16799, 10195, 8924, 15464, 4407, 3181, 66, 53, NA, 168957,  
*
56, 66.9, 422853, 68193, 4898, 51265, 16956, 7922, 2490, 3574, 61, 60, NA, 578151,  
*
57, 67.9, 862715, 201532, 105039, 34332, 51388, 27875, 18713, 9751, 64, 67, NA, 1311345,  
*
58, 68.9, 768578, 29764, 4345, 18878, 5982, 5022, 1429, 1908, 63, 74, NA, 835906,  
*
59, 69.9, 2440620, 148638, 87430, 74459, 19423, 17843, 12343, 10848, 56, 78, NA, 2811604,  
*
60, 70.9, 138445, 22089, 200, 695, 1698, 884, 524, 715, 53, 56, NA, 165250,  
*
61, 78.9, 930330, 225459, 79661, 85832, 33947, 19443, 12009, 4690, 51, 57, NA, 1391371,  
*
62, 79.9, 942661, 105906, 6361, 12153, 4334, 3037, 1932, 864, 43, 50, NA, 1077248,  
*
63, 81.0, 49247, 70920, 13110, 6582, 4909, 4478, 1981, 1364, 41, 40, NA, 152591,  
*
64, 81.9, 42668, 10562, 2936, 1315, 1314, 1876, 1660, 987, 48, 56, NA, 63318,  
*
65, 82.9, 989213, 268729, 43517, 15364, 20788, 9078, 5499, 7072, 44, 48, NA, 1359260,  
*
66, 83.9, 867905, 122821, 84228, 31444, 35616, 18618, 9926, 7485, 51, 57, NA, 1178043,  
*
67, 84.9, 869050, 73092, 8744, 12824, 10395, 3894, 2702, 1869, 51, 57, NA, 982570,  
*
68, 86.0, 198442, 6680, 2920, 3372, 2340, 1120, 721, 1102, 50, 63, NA, 216697,  
*
69, 86.9, 100082, 50663, 7255, 8982, 4145, 8584, 4854, 3382, 56, 66, NA, 187947,  
*
70, 88.9, 427000, 7384, 11668, 6038, 1308, 4652, 1378, 609, 61, 69, NA, 460037,  
*
71, 89.9, 1047183, 31860, 24191, 4776, 1909, 10850, 621, 1714, 67, 78, NA, 1123104,  
*
72, 90.9, 654466, 234225, 7207, 5748, 19398, 15233, 9745, 3102, 66, 57, NA, 949124,  
*
73, 91.9, 71483, 63514, 4067, 1061, 11303, 8476, 2522, 5182, 66, 48, NA, 167608,  
*
74, 92.9, 524733, 83168, 18879, 14477, 6203, 9398, 3263, 3324, 63, 38, NA, 663445,  
*
75, 93.9, 163081, 50054, 2833, 20996, 11547, 6129, 1766, 1706, 57, 30, NA, 258112,  
*
76, 94.9, 33881, 29327, 7521, 3224, 13672, 10337, 2667, 1371, 66, 43, NA, 102000,  
*
77, 95.9, 66367, 11177, 12672, 15640, 20359, 9105, 4122, 1093, 69, 61, NA, 140535,  
*
78, 96.9, 69599, 12922, 5438, 17766, 6765, 3651, 2870, 1578, 69, 69, NA, 120589,  
*
79, 97.9, 20017, 45159, 16535, 4351, 9844, 3235, 641, 2228, 66, 69, NA, 102010,  
*
80, 99.0, 24061, 15540, 4360, 12308, 10205, 9556, 3260, 755, 66, 77, NA, 80045,  
*
81, 99.9, 662403, 408907, 45874, 23712, 73214, 22722, 4196, 6422, 57, 64, NA, 1247450,  
*
82, 100.9, 69784, 7535, 2983, 5892, 801, 912, 310, 208, 54, 64, NA, 88425,  
*
83, 101.9, 36198, 33594, 44051, 8048, 6802, 13069, 3535, 2194, 61, 70, NA, 147491,  
*
84, 102.9, 24843, 12052, 4391, 8495, 3131, 10066, 2518, 1820, 61, 70, NA, 67316,  
*
85, 103.9, 6309, 11022, 2228, 11317, 15264, 2505, 1134, 1670, 66, 81, NA, 51449,  
*
86, 104.9, 23970, 5028, 5386, 11048, 11450, 3415, 1611, 1351, 74, 81, NA, 63259,  
*
87, 106.0, 495106, 93887, 47797, 13743, 27748, 8310, 8716, 2204, 67, 77, NA, 697511,  
*
88, 106.9, 10665, 6075, 3339, 8089, 4210, 8752, 4033, 4223, 69, 78, NA, 49386,  
*
89, 107.9, 6408, 19627, 4484, 12515, 11852, 3744, 2361, 2244, 69, 78, NA, 63235,  
*
90, 108.9, 14075, 34808, 8473, 21937, 8277, 8356, 4173, 2389, 67, 75, NA, 102488,  
*
91, 109.9, 6208, 22631, 8815, 8647, 15620, 7984, 3444, 1321, 75, 74, NA, 74670,  
*
92, 110.9, 22646, 13208, 11543, 11410, 10262, 4163, 2710, 1580, 66, 75, NA, 77522,  
*
93, 111.9, 66435, 26117, 14898, 10477, 20769, 7262, 1960, 3054, 67, 75, NA, 150972,  
*
94, 113.0, 1616761, 43342, 33024, 22925, 27552, 3499, 4866, 2031, 60, 77, NA, 1754000,  
*
95, 113.9, 13547, 16000, 8710, 20141, 17253, 7030, 1200, 5616, 57, 81, NA, 89497,  
*
96, 114.9, 9989, 19792, 4322, 7867, 16991, 3209, 3336, 1018, 56, 74, NA, 66524,  
*
97, 115.9, 10122, 8833, 18320, 5181, 8256, 6626, 3226, 2775, 57, 78, NA, 63339,  
*
98, 117.0, 19192, 4119, 9598, 27796, 9730, 6134, 1373, 2371, 66, 84, NA, 80313,  
*
99, 118.0, 221064, 42499, 21373, 23263, 2975, 12714, 4847, 4579, 66, 83, NA, 333314,  
*
100, 118.9, 58665, 8165, 6710, 11328, 10384, 4856, 1966, 3069, 69, 91, NA, 105143,  
*
101, 119.9, 26374, 35256, 2443, 11041, 4898, 6171, 851, 1192, 67, 81, NA, 88226,  
*
102, 120.9, 30178, 11969, 13801, 2027, 7250, 6674, 3021, 1023, 70, 74, NA, 75943,  
*
103, 121.9, 11367, 6207, 7293, 5863, 3091, 8689, 1483, 3446, 77, 74, NA, 47439,  
*
104, 122.9, 5147, 6494, 4181, 5859, 8757, 6898, 1755, 1501, 80, 69, NA, 40592,  
*
105, 124.0, 22722, 18274, 3135, 7012, 2314, 5294, 2408, 1518, 81, 70, NA, 62677,  
*
106, 124.9, 364036, 74393, 68902, 12568, 27515, 6363, 27796, 7294, 70, 74, NA, 588867,  
*
107, 125.9, 110485, 32511, 19148, 9351, 8998, 2168, 4603, 4021, 57, 70, NA, 191285,  
*
108, 126.9, 113651, 87423, 16428, 5649, 10145, 9774, 2471, 5857, 50, 64, NA, 251398,  
*
109, 127.9, 55178, 42568, 22999, 15965, 8203, 2614, 2772, 868, 40, 69, NA, 151167,  
*
110, 128.9, 583509, 86055, 8965, 10733, 12117, 8087, 2296, 3425, 43, 60, NA, 715187,  
*
111, 129.9, 60124, 79725, 4957, 11222, 3654, 7430, 2009, 3216, 48, 48, NA, 172337,  
*
112, 131.0, 31553, 35504, 6169, 12088, 11556, 11623, 1797, 2033, 53, 51, NA, 112323,  
*
113, 131.9, 8604, 10785, 1325, 3958, 3501, 5025, 1722, 1894, 64, 43, NA, 36814,  
*
114, 132.9, 315004, 15739, 7885, 7519, 7018, 4261, 3344, 1916, 67, 51, NA, 362686,  
*
115, 133.9, 20335, 22811, 22527, 2848, 7518, 7299, 2549, 2444, 74, 61, NA, 88331,  
*
116, 134.9, 4261, 34375, 5872, 14627, 6948, 9803, 2672, 1946, 70, 64, NA, 80504,  
*
117, 135.9, 127360, 275017, 245689, 114225, 13609, 20786, 12384, 22795, 60, 75, NA, 831865,  
*
118, 136.9, 2433418, 65120, 43109, 12798, 4612, 2886, 1131, 1577, 50, 78, NA, 2564651,  
*
119, 137.9, 295140, 89015, 11576, 15838, 15175, 25811, 24242, 23399, 50, 67, NA, 500196,  
*
120, 138.9, 1373269, 128237, 5888, 12054, 9430, 14080, 18283, 5616, 47, 57, NA, 1566857,  
*
121, 139.9, 257872, 76912, 4210, 2744, 6305, 13200, 3617, 6932, 54, 38, NA, 371792,  
*
122, 140.9, 48487, 45647, 3560, 15488, 13281, 33316, 16842, 17066, 74, 27, NA, 193687,  
*
123, 143.9, 1269483, 45022, 17412, 7778, 11204, 8809, 10544, 3030, 69, 30, NA, 1373282,  
*
124, 144.9, 351171, 59966, 22769, 6606, 5010, 10203, 6007, 2276, 70, 41, NA, 464008,  
*
125, 145.9, 1326693, 63263, 2982, 13609, 6671, 6882, 7034, 10261, 67, 50, NA, 1437395,  
*
126, 146.9, 711126, 115655, 3432, 9351, 8001, 3972, 3857, 1797, 51, 44, NA, 857191,  
*
127, 147.9, 69594, 12925, 2789, 7992, 2051, 2333, 2350, 1368, 51, 48, NA, 101402,  
*
128, 149.0, 626044, 233716, 33142, 15921, 34327, 44865, 32483, 7693, 53, 40, NA, 1028191,  
*
129, 149.9, 1474747, 355231, 35062, 12483, 8638, 12597, 14967, 19749, 47, 35, NA, 1933474,  
*
130, 150.9, 1166735, 84936, 12560, 12250, 2881, 7092, 3629, 1145, 50, 43, NA, 1291228,  
*
131, 151.9, 204164, 27035, 11403, 3429, 722, 1680, 1075, 1706, 44, 43, NA, 251214,  
*
132, 152.9, 1426498, 846180, 59104, 38529, 23834, 23296, 20980, 17801, 35, 40, NA, 2456222,  
*
133, 153.9, 1149039, 130687, 70261, 13666, 16747, 25377, 16783, 18038, 41, 51, NA, 1440598,  
*
134, 154.9, 655118, 46997, 3163, 4398, 2021, 5220, 5775, 3619, 44, 44, NA, 726311,  
*
135, 155.9, 119423, 48977, 1586, 4353, 2354, 6684, 3261, 3272, 51, 34, NA, 189910,  
*
136, 156.9, 1231457, 71989, 162234, 42042, 7924, 17344, 13721, 5773, 56, 57, NA, 1552484,  
*
137, 157.9, 208577, 16327, 2331, 3056, 674, 608, 1138, 705, 48, 54, NA, 233416,  
*
138, 158.9, 176968, 94965, 26779, 17414, 17418, 21854, 15557, 5377, 50, 61, NA, 376332,  
*
139, 160.0, 178376, 31437, 4811, 3913, 7437, 5220, 5136, 2820, 51, 66, NA, 239150,  
*
140, 160.9, 383256, 47370, 731, 2547, 4108, 4365, 5131, 1766, 53, 38, NA, 449274,  
*
141, 161.9, 334087, 151350, 27567, 12251, 14503, 49795, 10600, 11547, 66, 34, NA, 611700,  
*
142, 162.9, 159333, 158589, 17006, 7776, 5794, 2987, 3508, 2721, 53, 27, NA, 357714,  
*
143, 163.9, 672079, 270697, 100126, 19762, 51296, 27203, 25616, 9733, 50, 34, NA, 1176512,  
*
144, 164.9, 529858, 151599, 55187, 63438, 88998, 28965, 20458, 18473, 51, 48, NA, 956976,  
*
145, 165.9, 667871, 62879, 15800, 10441, 16315, 14878, 12189, 12096, 48, 51, NA, 812469,  
*
146, 167.0, 95917, 28288, 573, 1040, 4009, 2783, 2243, 738, 57, 41, NA, 135591,  
*
147, 167.9, 12682, 38926, 1278, 15255, 13363, 15685, 17619, 19165, 66, 40, NA, 133973,  
*
148, 168.9, 956260, 94484, 8659, 13873, 31282, 24156, 16266, 10393, 69, 30, NA, 1155373,  
*
149, 169.9, 39867, 9920, 2273, 11446, 10056, 18064, 5564, 7836, 78, 34, NA, 105026,  
*
150, 170.9, 340228, 55298, 44815, 5941, 9679, 20101, 11802, 11257, 83, 54, NA, 499121,  
*
151, 171.9, 41805, 15760, 14651, 4076, 7799, 22999, 5061, 7673, 88, 57, NA, 119824,  
*
152, 172.9, 517794, 114483, 28006, 8298, 10745, 16455, 10980, 4490, 84, 63, NA, 711251,  
*
153, 174.0, 57566, 2643, 1296, 455, 1019, 777, 786, 511, 77, 63, NA, 65053,  
*
154, 174.9, 506916, 28621, 35518, 15504, 15339, 10993, 4765, 6031, 75, 66, NA, 623687,  
*
155, 175.9, 34007, 31321, 2214, 17508, 9875, 13331, 10491, 4700, 69, 64, NA, 123447,  
*
156, 176.9, 30077, 11533, 3926, 6350, 17377, 11342, 5994, 3662, 78, 66, NA, 90261,  
*
157, 177.9, 361001, 106557, 12257, 12611, 17009, 9702, 2310, 4776, 74, 60, NA, 526223,  
*
158, 178.9, 525909, 37811, 1628, 5344, 7246, 12432, 6557, 2755, 78, 43, NA, 599682,  
*
159, 179.9, 77964, 24036, 3833, 19949, 9458, 12346, 7844, 9107, 78, 47, NA, 164537,  
*
160, 180.9, 11505, 22196, 5863, 6714, 12878, 9769, 4473, 4074, 74, 47, NA, 77472,  X
161, 181.9, 6240, 15504, 2216, 8582, 12463, 9708, 10023, 3084, 83, 50, NA, 67820,  X
162, 182.9, 21840, 25668, 10754, 5247, 11776, 19506, 5045, 6958, 87, 57, NA, 106794,  X
163, 183.9, 43462, 8339, 4844, 17673, 10004, 5210, 6747, 2943, 83, 63, NA, 99222,  X
164, 185.0, 403966, 83554, 15750, 10956, 10109, 7468, 2376, 2137, 75, 61, NA, 536316,  X
165, 185.9, 28265, 6878, 5007, 14795, 10067, 9835, 7934, 4148, 75, 69, NA, 86929,  X
166, 186.9, 24587, 6592, 5104, 3792, 7925, 17603, 3833, 2467, 80, 67, NA, 71903,  X
167, 187.9, 10146, 13073, 24673, 3868, 7738, 7195, 9235, 5571, 80, 69, NA, 81499,  X
168, 188.9, 12924, 15201, 4857, 4281, 7230, 6938, 11202, 2543, 88, 69, NA, 65176,  X
169, 189.9, 22622, 8127, 18639, 16558, 16368, 13493, 10779, 2094, 88, 70, NA, 108680,  X
170, 190.9, 282730, 64733, 23506, 6973, 5911, 10441, 6763, 3696, 75, 75, NA, 404753,  X
171, 192.0, 30215, 20215, 13567, 5111, 8781, 16350, 6859, 4359, 80, 67, NA, 105457,  X
172, 192.9, 57343, 11211, 2239, 1479, 3415, 3360, 1916, 1336, 78, 64, NA, 82299,  X
173, 193.9, 3313, 13680, 16261, 7226, 9968, 16179, 6649, 5346, 80, 61, NA, 78622,  X
174, 194.9, 8843, 14186, 5804, 7606, 15886, 10951, 6071, 2609, 87, 60, NA, 71956,  X
175, 195.9, 14948, 16983, 9364, 1942, 8736, 4739, 6888, 5929, 81, 60, NA, 69529,  X
176, 196.9, 16729, 7984, 6827, 2755, 12590, 8271, 4293, 2560, 87, 63, NA, 62009,  X
177, 197.9, 103468, 6431, 15471, 2364, 14566, 4572, 6762, 3972, 81, 64, NA, 157606,  X
178, 199.0, 134580, 20401, 2417, 7693, 22196, 9857, 3282, 2976, 80, 61, NA, 203402,  X
179, 199.9, 12965, 15324, 14968, 7918, 3858, 6503, 10002, 3483, 78, 67, NA, 75021,  X
180, 200.9, 13383, 6698, 4941, 2447, 10201, 10505, 10260, 6107, 80, 66, NA, 64542,  X
181, 201.9, 20154, 6098, 4856, 2428, 8907, 8712, 7195, 7585, 88, 60, NA, 65935,  X
182, 203.0, 24375, 5625, 1214, 3005, 6293, 24177, 9488, 2373, 100, 54, NA, 76550,  X
183, 203.9, 4216, 11096, 4006, 14095, 5056, 17168, 10094, 5826, 100, 50, NA, 71557,  X
184, 204.9, 10368, 6968, 17881, 12563, 16519, 13215, 7015, 3984, 100, 57, NA, 88513,  X
185, 206.0, 10355, 9023, 2243, 8448, 15522, 8622, 4879, 2431, 100, 56, NA, 61523,  X
186, 206.9, 19930, 69564, 17051, 16446, 27155, 8030, 7381, 3483, 81, 64, NA, 169040,  X
187, 207.9, 539460, 81165, 21918, 60948, 14289, 22186, 35670, 9823, 70, 67, NA, 785459,  X
188, 208.9, 1396739, 114664, 22473, 20895, 11186, 11858, 9001, 4728, 61, 60, NA, 1591544,  X
189, 210.0, 1003427, 33351, 923, 21187, 6350, 8978, 5175, 3442, 54, 63, NA, 1082833,  X
190, 210.9, 1223428, 72383, 26310, 32847, 19084, 4847, 5572, 8826, 50, 67, NA, 1393297,  X
191, 211.9, 1037712, 109919, 34575, 72324, 15722, 22717, 33014, 22463, 48, 67, NA, 1348446,  X
192, 212.9, 1442315, 731300, 101883, 21041, 31717, 31022, 33632, 16375, 44, 63, NA, 2409285,  X
193, 213.9, 227581, 13269, 11642, 7777, 2458, 1789, 3532, 1654, 37, 69, NA, 269702,  X
194, 214.9, 137010, 24094, 1611, 1461, 2203, 1405, 1366, 567, 40, 56, NA, 169717,  X
195, 215.9, 772148, 54721, 13753, 3988, 18317, 14786, 14104, 11907, 43, 47, NA, 903724,  X
196, 217.0, 42335, 48835, 11704, 24783, 19663, 7971, 5909, 25684, 50, 54, NA, 186884,  X
197, 217.9, 107077, 89613, 40961, 32936, 11818, 8034, 10507, 13030, 50, 51, NA, 313976,  X
198, 218.9, 44507, 211836, 23041, 33256, 14429, 28209, 8610, 16401, 53, 56, NA, 380289,  X
199, 219.9, 54261, 21703, 11412, 18364, 15305, 17876, 12904, 10414, 56, 63, NA, 162239,  X
200, 220.9, 27372, 8988, 8636, 23734, 21532, 16430, 19499, 6977, 64, 66, NA, 133168,  X
201, 221.9, 13302, 24580, 2853, 665, 1871, 10276, 8072, 4876, 78, 51, NA, 66495,  X
202, 222.9, 45716, 20519, 14155, 7229, 11753, 13437, 8014, 5091, 84, 57, NA, 125914,  X
203, 223.9, 83956, 34637, 1475, 16915, 15023, 10340, 2208, 7417, 81, 53, NA, 171971,  X
204, 224.9, 750927, 156708, 25469, 24311, 10835, 11624, 5145, 6111, 69, 44, NA, 991130,  X
205, 225.9, 92291, 8918, 4583, 5700, 2719, 2531, 1066, 1472, 63, 63, NA, 119280,  X
206, 226.9, 438289, 39379, 1610, 41882, 6197, 13802, 4866, 4373, 60, 66, NA, 550398,  X
207, 228.0, 19627, 25985, 6231, 8232, 16109, 13692, 9935, 8721, 63, 64, NA, 108532,  X
208, 228.9, 34872, 12290, 664, 10609, 28368, 7593, 7090, 6435, 74, 64, NA, 107921,  X
209, 229.9, 10837, 45790, 22723, 12076, 10626, 15167, 6178, 3510, 75, 61, NA, 126907,  X
210, 230.9, 32691, 20998, 8616, 4160, 25422, 10108, 6128, 5744, 78, 51, NA, 113867,  X
211, 231.9, 4436, 16878, 2229, 7548, 14665, 7137, 7320, 2499, 77, 51, NA, 62712,  X
212, 232.9, 12834, 17899, 16270, 10569, 9470, 5365, 5415, 5060, 69, 61, NA, 82882,  X
213, 233.9, 11820, 7669, 31207, 10025, 9616, 7881, 7058, 1676, 69, 70, NA, 86952,  X
214, 235.0, 37772, 74830, 18841, 2648, 7448, 3642, 4097, 2463, 57, 70, NA, 151741,  X
215, 235.9, 9915, 8015, 4069, 43783, 9074, 6129, 1996, 2279, 53, 88, NA, 85260,  X
216, 236.9, 75835, 7812, 9637, 21726, 13609, 6287, 3247, 4207, 54, 91, NA, 142360,  X
217, 237.9, 151776, 10795, 8404, 12127, 10435, 5186, 4254, 2803, 54, 87, NA, 205780,  X
218, 238.9, 104378, 18006, 4923, 3974, 7416, 4112, 6565, 4369, 63, 87, NA, 153743,  X
219, 239.9, 538049, 62158, 20205, 10735, 9475, 8283, 13445, 6248, 63, 75, NA, 668598,  X
220, 240.9, 15877, 52795, 15626, 7838, 8334, 7600, 7445, 6090, 60, 63, NA, 121605,  X
221, 242.0, 23748, 16476, 16629, 9354, 5042, 9520, 8046, 3341, 61, 63, NA, 92156,  X
222, 242.9, 5197, 4483, 5404, 6153, 9827, 6296, 6623, 4015, 66, 67, NA, 47998,  X
223, 243.9, 11146, 19103, 9496, 11622, 13230, 4572, 5391, 2493, 66, 69, NA, 77053,  X
224, 244.9, 11454, 19998, 5439, 9516, 14728, 2944, 5420, 2612, 64, 70, NA, 72111,  X
225, 246.0, 89526, 67142, 6125, 6404, 7093, 4026, 3260, 1847, 54, 57, NA, 185423,  X
226, 246.9, 41124, 30129, 4823, 4983, 12070, 6650, 3803, 2552, 50, 50, NA, 106134,  X
227, 247.9, 63175, 14445, 16008, 7759, 5046, 18577, 5998, 1967, 57, 51, NA, 132975,  X
228, 248.9, 344559, 11083, 4429, 4990, 11476, 5688, 2326, 1494, 66, 50, NA, 386045,  X
229, 249.9, 315839, 62652, 13517, 10551, 14650, 21000, 2884, 2472, 77, 54, NA, 443565,  X
230, 250.9, 30974, 14160, 9963, 37844, 9159, 7385, 2211, 1248, 74, 70, NA, 112944,  X
231, 251.9, 20763, 12567, 4117, 13931, 8623, 10456, 2417, 1701, 70, 69, NA, 74575,  X
232, 253.0, 845660, 163472, 103013, 179906, 59508, 19315, 34680, 23542, 61, 80, NA, 1429096,  X
233, 253.9, 1486465, 71858, 13037, 21817, 14882, 11209, 11681, 6832, 54, 83, NA, 1637781,  X
234, 254.9, 253390, 20241, 17884, 5422, 4548, 4307, 941, 1081, 54, 78, NA, 307814,  X
235, 255.9, 566228, 41158, 26695, 16003, 8931, 7541, 10781, 5355, 47, 80, NA, 682692,  X
236, 256.9, 1316286, 172346, 27024, 12723, 19441, 19764, 7654, 8238, 50, 64, NA, 1583476,  X
237, 257.9, 632826, 1423970, 13581, 70014, 123355, 42796, 48232, 42715, 41, 48, NA, 2397489,  X
238, 258.9, 198086, 93021, 57936, 22191, 10097, 59734, 32144, 26601, 50, 44, NA, 499810,  X
239, 259.9, 198189, 21522, 3005, 8129, 6148, 6201, 4874, 6260, 53, 38, NA, 254328,  X
240, 260.9, 549390, 58927, 8789, 11227, 7848, 20087, 14751, 27608, 60, 40, NA, 698627,  X
241, 261.9, 1356462, 201644, 755, 5447, 13986, 15208, 24077, 43066, 64, 34, NA, 1660645,  X
242, 262.9, 174571, 8400, 341, 1778, 1418, 3254, 1530, 1585, 64, 24, NA, 192877,  X
243, 263.9, 725946, 66759, 14872, 10076, 4170, 6212, 9851, 4831, 57, 24, NA, 842717,  X
244, 264.9, 59196, 58725, 32764, 10191, 14217, 22964, 16640, 26310, 57, 30, NA, 241007,  X
245, 265.9, 76654, 81496, 11500, 21270, 3960, 27259, 19352, 31949, 64, 51, NA, 273440,  X
246, 267.0, 563739, 300801, 183397, 28519, 27807, 19399, 25287, 11507, 51, 61, NA, 1160456,  X
247, 267.9, 55752, 15861, 1179, 3335, 2351, 7606, 3358, 2263, 63, 56, NA, 91705,  X
248, 268.9, 861659, 290143, 69659, 26537, 67372, 36147, 15871, 29800, 57, 51, NA, 1397188,  X
249, 269.9, 294738, 135667, 18193, 7651, 8980, 4384, 5055, 5668, 43, 44, NA, 480336,  X
250, 271.0, 226750, 16928, 19102, 9131, 3394, 2574, 2359, 1749, 47, 51, NA, 281987,  X
251, 271.9, 135617, 66339, 24810, 53401, 10690, 45564, 7796, 3913, 44, 61, NA, 348130,  X
252, 272.9, 79191, 6760, 1798, 1046, 3530, 3146, 1489, 692, 53, 61, NA, 97652,  X
253, 273.9, 107944, 38812, 9677, 2266, 4898, 20168, 6176, 2621, 69, 61, NA, 192562,  X
254, 274.9, 115054, 21806, 3287, 8362, 8017, 16904, 2030, 5797, 83, 50, NA, 181257,  X
255, 275.9, 13471, 8837, 9262, 2783, 11128, 12859, 5100, 2476, 87, 43, NA, 65916,  X
256, 276.9, 25338, 39355, 9837, 9395, 2503, 9417, 3795, 1412, 83, 48, NA, 101052,  X
257, 278.0, 7877, 7358, 7409, 6349, 4207, 11578, 6001, 1522, 84, 57, NA, 52301,  X
258, 278.9, 9819, 33288, 6402, 12274, 11596, 11376, 4871, 3090, 80, 61, NA, 92716,  X
259, 279.9, 22100, 17848, 16557, 10337, 3745, 33349, 2145, 1280, 81, 64, NA, 107361,  X
260, 280.9, 23728, 15016, 4170, 4541, 11962, 8425, 3906, 3250, 88, 61, NA, 74998,  X
261, 281.9, 17514, 7842, 6500, 20737, 10089, 9166, 5071, 3397, 83, 66, NA, 80316,  X
262, 282.9, 15548, 33695, 2953, 9004, 4897, 11368, 13807, 4908, 83, 61, NA, 96180,  X
263, 283.9, 19283, 8958, 475, 10321, 7311, 7608, 3870, 4744, 78, 61, NA, 62570,  X
264, 284.9, 21372, 20136, 12693, 5683, 17267, 4482, 2815, 2233, 69, 64, NA, 86681,  X
265, 285.9, 108246, 31332, 2184, 4147, 12052, 7382, 2084, 1197, 67, 48, NA, 168624,  X
266, 286.9, 45101, 39572, 10032, 9535, 16081, 16887, 3015, 4621, 69, 50, NA, 144844,  X
267, 287.9, 78704, 5539, 3072, 3890, 1948, 1852, 1895, 543, 63, 53, NA, 97443,  X
268, 289.0, 22611, 10763, 2417, 14881, 7276, 14237, 4396, 1137, 74, 54, NA, 77718,  X
269, 289.9, 25857, 32357, 5343, 18990, 3481, 4685, 4513, 3063, 67, 67, NA, 98289,  X
270, 290.9, 19436, 12162, 10330, 9820, 9326, 8071, 8123, 1450, 66, 75, NA, 78718,  X
271, 291.9, 5151, 17885, 5846, 4290, 14474, 47363, 12579, 2446, 83, 61, NA, 110034,  X
272, 292.9, 11077, 10101, 1804, 16102, 2985, 7704, 7167, 1753, 80, 64, NA, 58693,  X
273, 293.9, 1263, 6132, 6979, 29209, 26357, 8118, 3509, 915, 84, 67, NA, 82482,  X
274, 294.9, 22475, 9773, 13674, 4167, 6910, 9086, 6785, 1076, 87, 69, NA, 73946,  X
275, 296.0, 22448, 14625, 11862, 8561, 7715, 5969, 1515, 1471, 70, 83, NA, 74166,  X
276, 296.9, 11927, 35603, 4212, 6705, 11088, 6861, 6806, 1242, 66, 70, NA, 84444,  X
277, 297.9, 20126, 9129, 7286, 3469, 9572, 4472, 3681, 1959, 67, 64, NA, 59694,  X
278, 298.9, 15717, 18698, 2038, 11995, 8494, 5236, 1413, 1142, 63, 61, NA, 64733,  X
279, 299.9, 24557, 6978, 9828, 15155, 9983, 5931, 802, 1208, 63, 64, NA, 74442,  X
280, 300.9, 32457, 21159, 5669, 7482, 9877, 6164, 1661, 2114, 64, 69, NA, 86583,  X
281, 301.9, 1997, 15617, 2529, 3970, 10546, 16969, 3328, 1107, 74, 60, NA, 56063,  X
282, 303.0, 27058, 12444, 17939, 5440, 4400, 11357, 5597, 2845, 78, 64, NA, 87080,  X
283, 303.9, 6328, 18983, 9559, 17779, 6015, 27386, 2155, 1104, 84, 60, NA, 89309,  X
284, 304.9, 18502, 10636, 6010, 22445, 10631, 4112, 4215, 2282, 83, 69, NA, 78833,  X
285, 305.9, 19430, 9208, 2524, 46980, 23177, 8773, 3477, 2126, 70, 87, NA, 115695,  X
286, 307.0, 16942, 14249, 7788, 32358, 15176, 12699, 18270, 1748, 69, 88, NA, 119230,  X
287, 307.9, 13437, 22928, 15392, 10659, 14887, 9445, 5483, 1940, 63, 88, NA, 94171,  X
288, 308.9, 14773, 8545, 11421, 6600, 9899, 3693, 3919, 709, 64, 87, NA, 59559,  X
289, 309.9, 27727, 21539, 13828, 12072, 7328, 5270, 4446, 1824, 63, 81, NA, 94034,  X
290, 310.9, 30712, 32579, 5186, 13492, 3324, 6877, 3108, 1775, 57, 75, NA, 97053,  X
291, 311.9, 9110, 16481, 1061, 7615, 4642, 7041, 1283, 2007, 60, 70, NA, 49240,  X
292, 312.9, 396794, 62824, 5533, 18424, 20024, 6786, 3494, 4239, 54, 61, NA, 518118,  X
293, 314.0, 267540, 46121, 25200, 6589, 9590, 13241, 6641, 7325, 56, 57, NA, 382247,  X
294, 314.9, 1116388, 44926, 15229, 25045, 7533, 8590, 3558, 5934, 54, 61, NA, 1227203,  X
295, 315.9, 330621, 29644, 5521, 1696, 1793, 6439, 3232, 2935, 53, 57, NA, 381881,  X
296, 316.9, 68303, 19011, 1209, 2408, 5626, 5464, 4190, 1816, 60, 51, NA, 108027,  X
297, 317.9, 27093, 13432, 4623, 12031, 33582, 13564, 19613, 8249, 66, 47, NA, 132187,  X
298, 320.9, 2347761, 312221, 24145, 30200, 12358, 32969, 11773, 20517, 66, 35, NA, 2791944,  X
299, 321.9, 201419, 151436, 10621, 47075, 7090, 28316, 27722, 41071, 64, 40, NA, 514750,  X
300, 322.9, 762844, 318545, 408235, 406950, 162436, 125318, 87364, 113383, 60, 60, NA, 2385075,  X
301, 323.9, 1010173, 24667, 2040, 7627, 2184, 4545, 3065, 4056, 51, 60, NA, 1058357,  X
302, 324.9, 84408, 14778, 1532, 2983, 811, 923, 1342, 367, 47, 63, NA, 107144,  X
303, 325.9, 1294817, 121664, 20992, 8384, 7748, 8129, 13624, 7849, 40, 60, NA, 1483207,  X
304, 326.9, 752900, 10177, 9558, 1194, 1326, 1969, 878, 547, 38, 54, NA, 778549,  X
305, 327.9, 356972, 139363, 4611, 11651, 17819, 7148, 10898, 10239, 29, 44, NA, 558701,  X
306, 328.9, 11321, 47202, 19678, 8120, 8803, 6220, 9442, 8205, 34, 50, NA, 118991,  X
307, 329.9, 61106, 11269, 36853, 22322, 27004, 8038, 5982, 6951, 38, 64, NA, 179525,  X
308, 330.9, 18346, 9345, 14052, 33954, 7660, 7777, 2635, 2834, 41, 70, NA, 96603,  X
309, 332.0, 26336, 32235, 7103, 15613, 6526, 4196, 3839, 2596, 44, 87, NA, 98444,  X
310, 332.9, 47724, 19725, 14179, 16236, 5255, 9124, 2602, 2362, 50, 91, NA, 117207,  X
311, 333.9, 238664, 35400, 11484, 19130, 8947, 5396, 6750, 1865, 47, 84, NA, 327636,  X
312, 334.9, 12831, 7733, 4362, 32751, 18044, 10513, 4620, 5699, 51, 81, NA, 96553,  X
313, 335.9, 86316, 11847, 15916, 10211, 3252, 6489, 5559, 1960, 56, 88, NA, 141550,  X
314, 336.9, 78878, 9690, 7711, 11659, 25388, 7001, 3625, 1760, 57, 83, NA, 145712,  X
315, 337.9, 12339, 7119, 2380, 7911, 7172, 9086, 4393, 2619, 70, 81, NA, 53019,  X
316, 339.0, 76092, 20051, 11708, 3054, 5485, 3114, 3495, 2957, 63, 75, NA, 125956,  X
317, 339.9, 27925, 11593, 8516, 8783, 12242, 13284, 6463, 3111, 69, 66, NA, 91917,  X
318, 340.9, 34454, 5922, 5207, 16251, 5263, 9148, 6347, 1844, 74, 75, NA, 84436,  X
319, 341.9, 13956, 2258, 18059, 7063, 9781, 7182, 4734, 2394, 67, 83, NA, 65427,  X
320, 342.9, 130958, 81950, 14192, 7297, 24594, 6804, 4797, 3166, 66, 75, NA, 273758,  X
321, 343.9, 173638, 30082, 12488, 7609, 15759, 5210, 3684, 3523, 57, 74, NA, 251993,  X
322, 344.9, 28884, 18941, 2497, 9106, 7752, 5186, 3331, 3379, 53, 63, NA, 79076,  X
323, 345.9, 21679, 9852, 11686, 2401, 14238, 9341, 3180, 2538, 56, 53, NA, 74915,  X
324, 346.9, 4407, 15711, 8712, 5236, 8314, 7677, 2395, 2630, 64, 60, NA, 55082,  X
325, 347.9, 15862, 16381, 11023, 15225, 2648, 1957, 3827, 3144, 60, 69, NA, 70067,  X
326, 348.9, 32466, 12011, 14722, 18363, 11937, 7331, 7385, 2931, 57, 78, NA, 107146,  X
327, 350.0, 76812, 43920, 5392, 4357, 6219, 11734, 5336, 3592, 54, 69, NA, 157362,  X
328, 350.9, 2907, 8650, 5646, 4216, 12598, 4514, 8740, 3343, 53, 69, NA, 50614,  X
329, 351.9, 41378, 9882, 4884, 6045, 5969, 4896, 2433, 3643, 64, 63, NA, 79130,  X
330, 352.9, 322871, 60276, 9843, 73128, 14444, 9945, 3647, 2975, 57, 61, NA, 497129,  X
331, 353.9, 15982, 19643, 5759, 26376, 15910, 10171, 6376, 4206, 57, 75, NA, 104423,  X
332, 354.9, 6326, 30726, 5759, 5734, 4372, 8280, 4088, 1791, 57, 70, NA, 67076,  X
333, 355.9, 15367, 18645, 5752, 6716, 2896, 4372, 2559, 1854, 53, 70, NA, 58161,  X
334, 357.0, 35216, 39011, 12574, 3364, 3159, 7440, 1801, 1979, 57, 63, NA, 104544,  X
335, 357.9, 395757, 56871, 1721, 7649, 6686, 9200, 4461, 1964, 54, 50, NA, 484309,  X
336, 358.9, 6921, 14970, 20842, 2447, 19416, 20971, 3823, 4052, 61, 53, NA, 93442,  X
337, 359.9, 4159, 5102, 9174, 1947, 28334, 4212, 1994, 1666, 66, 47, NA, 56588,  X
338, 360.9, 221865, 30103, 3806, 9385, 8594, 5126, 6296, 3615, 66, 47, NA, 288790,  X
339, 361.9, 37843, 7869, 14827, 6510, 6390, 7304, 3286, 1912, 70, 61, NA, 85941,  X
340, 362.9, 249799, 26861, 7993, 2383, 2347, 2050, 1367, 916, 54, 57, NA, 293716,  X
341, 363.9, 153914, 46427, 5704, 3811, 2656, 5495, 992, 427, 48, 54, NA, 219426,  X
342, 364.9, 98107, 49343, 6843, 14555, 5542, 3961, 2460, 3748, 43, 56, NA, 184559,  X
343, 365.9, 9946, 2200, 8844, 18798, 3017, 8619, 1077, 2902, 44, 61, NA, 55403,  X
344, 366.9, 25992, 28157, 4375, 11751, 14427, 3944, 2571, 2011, 48, 63, NA, 93228,  X
345, 367.9, 4779, 13862, 22183, 8670, 7621, 5616, 2053, 2464, 50, 78, NA, 67248,  X
346, 368.9, 15566, 13223, 3840, 19982, 3943, 7352, 3134, 1738, 57, 87, NA, 68778,  X
347, 369.9, 60196, 21358, 15893, 13619, 6687, 8147, 4362, 1278, 53, 80, NA, 131540,  X
348, 370.9, 37545, 21093, 6624, 16626, 16378, 2339, 4116, 1272, 50, 84, NA, 105993,  X
349, 371.9, 10191, 29032, 4958, 9738, 5153, 11308, 2297, 3852, 54, 74, NA, 76529,  X
350, 372.9, 3150, 18202, 10028, 2484, 10852, 6608, 2620, 2807, 56, 64, NA, 56751,  X
351, 373.9, 62666, 38624, 3303, 9231, 5094, 5867, 3078, 3061, 54, 54, NA, 130924,  X
352, 375.0, 55083, 6369, 5040, 3544, 9584, 6041, 2837, 2342, 67, 51, NA, 90840,  X
353, 375.9, 11120, 6398, 7422, 4080, 11423, 4256, 5328, 2429, 66, 56, NA, 52456,  X
354, 376.9, 9281, 24469, 23147, 8848, 16983, 3994, 3849, 872, 60, 61, NA, 91443,  X
355, 377.9, 25644, 22793, 1815, 8949, 13487, 3774, 4283, 2869, 57, 63, NA, 83614,  X
356, 378.9, 5968, 14803, 15504, 8453, 10159, 7767, 2632, 2835, 54, 67, NA, 68121,  X
357, 379.9, 1651, 8629, 10610, 11879, 5619, 5263, 1847, 3868, 51, 74, NA, 49366,  X
358, 380.9, 1518, 13962, 8458, 17628, 9782, 13245, 1878, 2853, 61, 70, NA, 69324,  X
359, 382.0, 30133, 46993, 8818, 11989, 4935, 9345, 6002, 2159, 63, 75, NA, 120374,  X
360, 382.9, 50117, 22335, 10976, 4409, 19275, 8104, 11616, 6360, 61, 67, NA, 133192,  X
361, 383.9, 53877, 37065, 2991, 12044, 17439, 11719, 3297, 4245, 63, 54, NA, 142677,  X
362, 384.9, 276192, 85033, 20642, 35722, 15444, 19116, 12233, 6749, 57, 51, NA, 471131,  X
363, 387.9, 62810, 86035, 17975, 8264, 1888, 8323, 7966, 3046, 54, 50, NA, 196307,  X
364, 388.9, 1313154, 119774, 42958, 51990, 39510, 27652, 17775, 11091, 51, 53, NA, 1623904,  X
365, 389.9, 2447815, 1095083, 95392, 32543, 50225, 87470, 46302, 21674, 43, 47, NA, 3876504,  X
366, 390.9, 198470, 80388, 92894, 18621, 11574, 18340, 13871, 11976, 40, 53, NA, 446134,  X
367, 391.9, 539412, 91627, 18481, 18847, 5346, 9753, 11157, 4705, 38, 56, NA, 699328,  X
368, 393.0, 381086, 9013, 9454, 9659, 3769, 8136, 5086, 2507, 44, 61, NA, 428710,  X
369, 393.9, 130243, 17715, 2143, 4279, 5942, 8013, 6684, 4024, 57, 66, NA, 179043,  X
370, 394.9, 477178, 25705, 14642, 3249, 47406, 18685, 26821, 14323, 69, 53, NA, 628009,  X
371, 395.9, 117691, 41870, 3432, 8574, 24145, 16140, 19394, 6978, 81, 44, NA, 238224,  X
372, 396.9, 153946, 16531, 3283, 8655, 11523, 15837, 17366, 13296, 87, 34, NA, 240437,  X
373, 397.9, 96691, 117155, 22869, 21494, 14518, 13162, 9442, 17906, 75, 38, NA, 313237,  X
374, 398.9, 119691, 28024, 2342, 3460, 34744, 15210, 14815, 9398, 74, 29, NA, 227684,  X
375, 400.0, 42082, 34842, 5091, 30834, 13713, 8418, 14595, 4644, 66, 43, NA, 154219,  X
376, 400.9, 27294, 21507, 3742, 14249, 14928, 26390, 21575, 10261, 66, 43, NA, 139946,  X
377, 401.9, 170590, 37977, 35257, 5468, 11706, 13575, 20751, 9158, 74, 48, NA, 304482,  X
378, 402.9, 19311, 33171, 3903, 23954, 5229, 9672, 5434, 4562, 64, 66, NA, 105236,  X
379, 403.9, 13995, 22789, 4570, 8629, 32677, 11338, 3164, 1532, 74, 54, NA, 98694,  X
380, 404.9, 14128, 8289, 4061, 2510, 8765, 26796, 6538, 4776, 81, 50, NA, 75863,  X
381, 405.9, 5142, 14600, 1327, 8247, 5137, 8794, 4366, 3980, 87, 44, NA, 51593,  X
382, 407.0, 56470, 10885, 678, 25724, 15694, 13220, 3883, 3586, 93, 47, NA, 130140,  X
383, 407.9, 157276, 21948, 7397, 603, 1688, 2209, 1088, 516, 81, 51, NA, 192725,  X
384, 408.9, 82323, 7189, 7341, 17571, 43477, 13995, 9915, 4829, 69, 60, NA, 186640,  X
385, 409.9, 36905, 9071, 6591, 20983, 13364, 21846, 4981, 4378, 74, 64, NA, 118119,  X
386, 410.9, 11698, 5625, 3618, 15882, 6541, 7911, 3881, 7076, 74, 67, NA, 62232,  X
387, 411.9, 25773, 16377, 5608, 8449, 6942, 15207, 4473, 9278, 88, 69, NA, 92107,  X
388, 412.9, 44892, 7650, 13173, 4265, 6392, 6590, 8246, 3639, 83, 77, NA, 94847,  X
389, 413.9, 12225, 6363, 4711, 4600, 12677, 9355, 7423, 3894, 83, 70, NA, 61248,  X
390, 414.9, 20600, 9648, 8681, 9578, 10332, 6709, 8043, 3973, 81, 66, NA, 77564,  X
391, 415.9, 16133, 15519, 6748, 34348, 13999, 7925, 1942, 673, 74, 77, NA, 97287,  X
392, 416.9, 16327, 15566, 2787, 46498, 21103, 4625, 6197, 1112, 63, 80, NA, 114215,  X
393, 418.0, 26585, 14833, 4526, 9686, 27309, 5033, 1792, 3106, 53, 78, NA, 92870,  X
394, 418.9, 137766, 26947, 11134, 5623, 5789, 4294, 3027, 3470, 47, 75, NA, 198050,  X
395, 419.9, 37990, 4929, 13317, 5304, 6360, 5573, 6198, 2340, 50, 75, NA, 82011,  X
396, 420.9, 311503, 3926, 3565, 28936, 11147, 8666, 6611, 1620, 57, 77, NA, 375974,  X
397, 421.9, 62387, 8280, 3575, 6182, 1946, 2741, 2650, 492, 57, 84, NA, 88253,  X
398, 422.9, 8230, 19380, 4428, 15732, 9081, 5583, 8840, 4016, 60, 87, NA, 75290,  X
399, 423.9, 21775, 13058, 3553, 8858, 4886, 8554, 7930, 4687, 63, 80, NA, 73301,  X
400, 425.0, 7707, 17058, 14658, 12195, 24208, 13506, 5569, 7228, 66, 69, NA, 102129,  X
401, 425.9, 17165, 12414, 4719, 5279, 4646, 6614, 2453, 2454, 70, 64, NA, 55744,  X
402, 426.9, 14358, 35951, 10883, 4614, 6282, 18706, 1084, 2843, 80, 60, NA, 94721,  X
403, 427.9, 28445, 22678, 2307, 5315, 10289, 6914, 4510, 2786, 77, 51, NA, 83244,  X
404, 428.9, 7835, 13180, 921, 7934, 26892, 4334, 1681, 1969, 74, 44, NA, 64746,  X
405, 429.9, 63006, 11136, 23658, 5136, 9103, 9989, 2062, 1611, 70, 51, NA, 125701,  X
406, 430.9, 184553, 16414, 3231, 8910, 10417, 5900, 1933, 1706, 66, 53, NA, 233064,  X
407, 431.9, 139904, 12939, 1845, 5105, 2580, 2776, 566, 292, 61, 60, NA, 166007,  X
408, 432.9, 287799, 45188, 5241, 6178, 8723, 3262, 3156, 1059, 51, 60, NA, 360606,  X
409, 433.9, 706654, 150644, 123923, 26417, 63368, 17242, 11470, 3017, 41, 56, NA, 1102735,  X
410, 434.9, 415917, 67700, 22495, 48300, 14717, 15815, 4822, 4428, 37, 63, NA, 594194,  X
411, 436.0, 143200, 58200, 9368, 8868, 6443, 4410, 5130, 2520, 29, 57, NA, 238139,  X
412, 436.9, 60475, 9095, 5473, 18173, 9444, 5690, 2861, 2639, 38, 74, NA, 113850,  X
413, 437.9, 108639, 13204, 5869, 2219, 2628, 2555, 1843, 943, 43, 69, NA, 137900,  X
414, 438.9, 213312, 20157, 7462, 1957, 6809, 4198, 2182, 3250, 47, 61, NA, 259327,  X
415, 439.9, 13896, 28761, 15439, 12134, 26947, 19764, 11137, 4153, 60, 64, NA, 132231,  X
416, 440.9, 19622, 13918, 2350, 7454, 15600, 17356, 4917, 4206, 70, 50, NA, 85423,  X
417, 441.9, 7038, 23950, 3892, 8856, 7077, 5664, 3156, 1821, 74, 48, NA, 61454,  X
418, 443.0, 4928, 21847, 1028, 14252, 10837, 4131, 3774, 2458, 70, 50, NA, 63255,  X
419, 443.9, 12135, 8804, 8847, 14376, 12199, 4727, 2281, 3710, 64, 57, NA, 67079,  X
420, 444.9, 19320, 8245, 14469, 9202, 26787, 7140, 2942, 2898, 54, 64, NA, 91003,  X
421, 445.9, 18372, 49966, 11337, 19576, 32623, 21746, 7464, 7988, 60, 64, NA, 169072,  X
422, 446.9, 158858, 30511, 3501, 328, 3327, 2455, 4029, 1102, 54, 51, NA, 204111,  X
423, 447.9, 740719, 88518, 21763, 35477, 32552, 10584, 20500, 17878, 50, 44, NA, 967991,  X
424, 448.9, 859725, 13050, 11915, 4893, 2777, 2527, 2398, 911, 41, 50, NA, 898196,  X
425, 450.0, 523671, 106288, 7392, 22056, 20725, 29056, 24316, 24827, 40, 44, NA, 758331,  X
426, 450.9, 1156691, 159236, 32619, 26425, 29475, 56576, 37953, 20574, 50, 53, NA, 1519549,  X
427, 450.9, 353091, 101443, 19669, 30016, 18752, 20676, 33493, 22953, 54, 51, NA, 600093,  X
